Province/Territoire,Volet,Employeur,Adresse,Profession sous CNP 2011,Postes Demandes
Terre-Neuve-et-Labrador,    Haut salaire,Transocean Canada Drilling Company,"St. John's, NL A1A 0P9",2145-Ingénieurs de l'extraction et du raffinage du pétrole,1
,   Bas salaire,Labrador Professional Dental Clinic,"Goose Bay, NL A0P 1C0",3411-Assistants dentaires,1
Nouvelle-Écosse,    Haut salaire,European Natural Stone & Marble Products Ltd.,"Halifax, NS B3M 4K8",9211-Surveillants dans la transformation des métaux et des minerais,1
,   Bas salaire,Les Enterprises Samson Enterprises Ltee,"Arichat, NS B0E 1A0",9531-Monteurs de bateaux et contrôleurs de montage de bateaux,1
,  Agriculture primaire,Eyking Brothers Farm Limited,"Millville, NS B1Y 2E2",8431-Ouvriers agricoles,4
Nouveau-Brunswick,    Haut salaire,Blue Cross Life,"Moncton, NB E1C 8L3","2161-Mathématiciens, statisticiens et actuaires",1
Québec,    Haut salaire,001 Traduction Canada Inc.,"Montreal, QC H2Y 2W8","0016-Cadres supérieurs - construction, transport, production et services d'utilité publique",1
,,4318366 CANADA INC.,"Montréal, QC H3R 2H7",6322-Cuisiniers,1
,,9218-2666 Québec Inc.,"Montreal, QC H4A 1E2",6322-Cuisiniers,1
,,9223-7932 Québec Inc.,"Westmount, QC H3Z 1T3","0124-Directeurs de la publicité, du marketing et des relations publiques",1
,,9252-0618 Québec Inc.,"Montréal, QC H4P 1P5",6321-Chefs,1
,,9275-9042 Quebec Inc.,"Beauharnois, QC J6N 1V9",6321-Chefs,1
,,9330-4236 Quebec Inc.,"L'Anse-à-Beaufils, QC G0C 1G0",0631-Directeurs de la restauration et des services alimentaires,1
,,Centre de Médecine Sportive Repentigny inc.,"Repentigny, QC J6A 2T4",3125-Autres professionnels en diagnostic et en traitement de la santé,1
,,CISSS de l'Abitibi-Témiscamingue,"Rouyn-Noranda, QC J9X 2B2",3012-Infirmiers autorisés et infirmiers psychiatriques autorisés,1
,,Compagnie immobilière et commerciale C.I.M.C.O,"Montreal, QC H3B 1S6",0621-Directeurs - commerce de détail et de gros,1
,,Distribution G.V.A inc.,"Laval, QC H7M 2Y5",0113-Directeurs des achats,1
,,Equalit.ie Inc.,"Montreal, QC H2T 1X3",1222-Adjoints de direction,1
,,Ficodis Inc.,"Montréal, QC H2Y 2R6",1225-Agents aux achats,1
,,Javeq Tech Inc.,"Montréal, QC H3C 1K7",6341-Coiffeurs et barbiers,1
,,L'atelier moderne concepts bois Inc.,"Terrebonne, QC J6X 4K4",6211-Superviseurs des ventes - commerce de détail,1
,,Métal Pless inc.,"Plessisville, QC G6L 1W4","0124-Directeurs de la publicité, du marketing et des relations publiques",1
,,Pizzeria Redpizza inc.,"Montreal, QC H8N 2N8",6322-Cuisiniers,1
,,PureLoad Software Canada Inc.,"Saint-Pie, QC J0H 1W0",2171-Analystes et consultants en informatique,1
,,Restaurant Prima Luna Inc.,"Montreal, QC H1E 2Z6",0631-Directeurs de la restauration et des services alimentaires,1
,,Sailor Production Inc.,"Montreal, QC H2T 2S2","5227-Personnel de soutien du cinéma, de la radiotélédiffusion, de la photographie et des arts de la scène",1
,,Société Conseil Groupe LGS,"Québec, QC G1V 4K5",2174-Programmeurs et développeurs en médias interactifs,1
,   Bas salaire,3521893 Canada Inc,"Montreal, QC H2T 1R2",7332-Réparateurs et préposés à l'entretien d'appareils,1
,,Auberge Handfield Inc.,"St-Marc-sur-Richelieu, QC J0L 2E0","5254-Animateurs et responsables de programmes de sports, de loisirs et de conditionnement physique",1
,,Club de soccer Énergie Centre Mauricie,"Shawinigan, QC G9N 0E2",5252-Entraîneurs,1
,,Écopierre Inc.,"Montreal, QC H8T 2V3","9414-Opérateurs de machines dans le façonnage et la finition des produits en béton, en argile ou en pierre",1
,,Groupe Vétéri Médic Inc.,"Brossard, QC J4Y 1A2",3114-Vétérinaires,1
,,Immo Minko Gestion Immobilière Inc.,"Montréal, QC H4M 1E4",6733-Concierges et surintendants d'immeubles,1
,,Landr Audio Inc,"Montréal, QC H2T 1A8","1123-Professionnels en publicité, en marketing et en relations publiques",1
,,MX Windsor Inc.,"Coaticook, QC J1A 2S2",9423-Opérateurs de machines de transformation du caoutchouc et personnel assimilé,1
,  Agriculture primaire,624899 Nouveau-Brunswick ltée,"St-Lambert, QC G0S 2W0",8431-Ouvriers agricoles,2
Ontario,    Haut salaire,1904390 Ontario Inc,"Brampton, ON L6T 5K1",1221-Agents d'administration,1
,,2001733 Ontario Ltd,"London, ON N6A 1A3",6322-Cuisiniers,1
,,2224973 Ontario Inc.,"Hamilton, ON L8K 1C7",1221-Agents d'administration,1
,,2241889 Ontario Inc.,"Iron Bridge, ON P0R 1H0","6313-Superviseurs des services d'hébergement, de voyages, de tourisme et des services connexes",1
,,2256027 Ontario Inc.,"Vaughan, ON L4K 4Y5",1311-Techniciens en comptabilité et teneurs de livres,1
,,2320576 Ontario Inc.,"Mississauga, ON L5B 3L6",1241-Adjoints administratifs,1
,,2394063 Ontario Inc.,"Hamilton, ON L8P 3A3",3112-Omnipraticiens et médecins en médecine familiale,1
,,2404023 ONTARIO LTD. O/A MARIO'S MEATS & SPECIALTY SHOP,"Maple, ON L6A 4H8","6331-Bouchers, coupeurs de viande et poissonniers - commerce de gros et de détail",1
,,2543491 Ontario Incorporated,"Timmins, ON P4N 2W9",2281-Techniciens de réseau informatique,1
,,6971971 Canada Inc,"Richmond Hill, ON L4E 0X9",6211-Superviseurs des ventes - commerce de détail,1
,,826380 Ontario Ltd.,"Brampton, ON L6W 3J6",7322-Débosseleurs et réparateurs de carrosserie,1
,,8476942 Canada Corp.,"Milton, ON L9T 7H0",7205-Entrepreneurs et contremaîtres des autres métiers de la construction et des services de réparation et d'installation,1
,,8541698 Canada Inc.,"Brampton, ON L6P 3B7",0621-Directeurs - commerce de détail et de gros,1
,,9576398 Canada Inc.,"Pickering, ON L1V 1A4","0016-Cadres supérieurs - construction, transport, production et services d'utilité publique",1
,,9765158 Canada Inc,"Toronto, ON M5C 1N7",2141-Ingénieurs d'industrie et de fabrication,1
,,All Seasons Weddings Ltd,"Kenmore, ON K0A 2G0",1226-Planificateurs de congrès et d'événements,1
,,Aluminum Window Designs Ltd.,"Woodbridge, ON L4L 4A3",2132-Ingénieurs mécaniciens,1
,,Anzano General Contracting Corp.,"Scarborough, ON M1L 3L1","0124-Directeurs de la publicité, du marketing et des relations publiques",1
,,Applewood Roofing And Sheet Metal Ltd,"Toronto, ON M9L 1P6",7291-Couvreurs et poseurs de bardeaux,1
,,Arts & Sciences Dept. LLC,"Toronto, ON M6J 1H6","5131-Producteurs, réalisateurs, chorégraphes et personnel assimilé",1
,,ASIA PACIFIC INTERNATIONAL INC,"Toronto, ON M5C 2M6",2252-Designers industriels,2
,,Asymetric Media Ltd.,"Toronto, ON M5B 2E7","5131-Producteurs, réalisateurs, chorégraphes et personnel assimilé",2
,,Bawa Construction Inc.,"Brantford, ON N3R 4C5",7282-Finisseurs de béton,1
,,Bowmanville Medical Associates,"Bowmanville, ON L1C 1P6",3112-Omnipraticiens et médecins en médecine familiale,1
,,Brevitas Consulting Inc.,"Richmond Hill, ON L4B 3B2",1122-Professionnels des services-conseils en gestion aux entreprises,1
,,Castle Contracting Ltd.,"Nobleton, ON L0G 1N0",7204-Entrepreneurs et contremaîtres en charpenterie,1
,,Chef's Plate Inc.,"Toronto, ON M5V 2C3","0013-Cadres supérieurs - services financiers, communications et autres services aux entreprises",1
,,Citco (Canada) Inc.,"Toronto, ON M4W 1A8",1212-Superviseurs de commis de finance et d'assurance,1
,,Digital Extremes Ltd.,"London, ON N6A 6K2",5241-Designers graphiques et illustrateurs,1
,,Eastside Chevrolet Buick GMC Ltd.,"Markham, ON L3R 2P4","0124-Directeurs de la publicité, du marketing et des relations publiques",1
,,,,"1123-Professionnels en publicité, en marketing et en relations publiques",1
,,Everest Toronto Services Inc.,"Mississauga, ON L5B 2C4",0621-Directeurs - commerce de détail et de gros,1
,,Falcon Motor Xpress Ltd.,"Caledon, ON L7C 2X3",2281-Techniciens de réseau informatique,1
,,Frischkorn Audio-Visual Corp,"Mississauga, ON L5A 3V3",5225-Techniciens en enregistrement audio et vidéo,1
,,Gears Bike & Ski Shops Limited,"Mississauga, ON L5H 1G4",7205-Entrepreneurs et contremaîtres des autres métiers de la construction et des services de réparation et d'installation,1
,,GeoTerre Limited,"Brampton, ON L6T 4V9",2144-Ingénieurs géologues,1
,,Great Connections Employment Service Inc.,"North York, ON M3H 5T5",1222-Adjoints de direction,1
,,Green Valley Golf Schools,"London, ON N5Z 3N7","0513-Directeurs de programmes et de services de sports, de loisirs et de conditionnement physique",1
,,Harmony Hyundai Inc.,"Rockland, ON K4K 1J8",0621-Directeurs - commerce de détail et de gros,1
,,Historic Restoration inc.,"Toronto, ON M4M 2R5",7294-Peintres et décorateurs (sauf décorateurs d'intérieur),1
,,Intervolt Electric Ltd.,"Toronto, ON M1R 3C3",7241-Électriciens (sauf électriciens industriels et de réseaux électriques),1
,,ISX International Student Exchange of Canada,"Toronto, ON M4Y 2B6",6411-Représentants des ventes et des comptes - commerce de gros (non-technique),1
,,Joe Amaral Landscaping & General Contract Ltd.,"Toronto, ON M6H 3T7",7282-Finisseurs de béton,1
,,Juice DMS Advertising Limited,"Toronto, ON M5V 3B1",0213-Gestionnaires des systèmes informatiques,1
,,Kabayan South Travel Inc,"Brampton, ON L6S 0E7",0621-Directeurs - commerce de détail et de gros,1
,,Kelsey Trail Trucking Ltd,"Innisfil, ON L9S 3V6",7511-Conducteurs de camions de transport,6
,,Marin Contracting Limited,"Concord, ON L4K 4X2",7271-Charpentiers-menuisiers,2
,,MK Dinner Inc,"Burlington, ON L7N 2R5",6322-Cuisiniers,2
,,Niagara Learning Academy,"Welland, ON L3B 3Z8",1226-Planificateurs de congrès et d'événements,1
,,North Eastern Trucking Inc.,"Hamilton, ON L8G 5H3",7511-Conducteurs de camions de transport,4
,,Ontario Corporation #1904516,"Kitchener, ON N2C 2S1",7282-Finisseurs de béton,2
,,Ontario Corporation 1350793,"Scarborough, ON M1W 2X1",2225-Techniciens et spécialistes de l'aménagement paysager et de l'horticulture,1
,,Onyx Fire Protection Services Inc.,"Etobicoke, ON M9W 4M2",2242-Électroniciens d'entretien (biens domestiques et commerciaux),1
,,OPC.TV Inc.,"Toronto, ON M5A 2N4","5131-Producteurs, réalisateurs, chorégraphes et personnel assimilé",2
,,"Optima Drywall & Acoustics, Ltd.","Richmond Hill, ON L4B 4T9",7204-Entrepreneurs et contremaîtres en charpenterie,1
,,Prica Group Construction Management Inc.,"Waterloo, ON N2V 2M7",6221-Spécialistes des ventes techniques - commerce de gros,1
,,Prime Nutrisource Inc.,"Scarborough, ON M1X 1E4",1225-Agents aux achats,1
,,QG Meat Ltd,"Scarborogh, ON M1V 5C8","1215-Superviseurs du personnel de coordination de la chaîne d'approvisionnement, du suivi et des horaires",1
,,"Radke Films, Ltd.","Toronto, ON M5A 2N4","5131-Producteurs, réalisateurs, chorégraphes et personnel assimilé",7
,,Rafat General Contractor Inc,"Caledon, ON L7E 2Y4",7312-Mécaniciens d'équipement lourd,2
,,REAL-TIME CONTRACTING GROUP INC,"Mississauga, ON L5T 1M6",7291-Couvreurs et poseurs de bardeaux,1
,,Revolver Films Inc.,"Toronto, ON M5V 2B3","5131-Producteurs, réalisateurs, chorégraphes et personnel assimilé",1
,,Ristorante Verdicchio Limited,"Sudbury, ON P3E 5P5",6321-Chefs,1
,,Sequoia Content Limited,"Toronto, ON M5B 2E7","5131-Producteurs, réalisateurs, chorégraphes et personnel assimilé",1
,,"Soft Citizen, Inc.","Toronto, ON M5A 2N4","5131-Producteurs, réalisateurs, chorégraphes et personnel assimilé",1
,,Someplace Nice Inc.,"Toronto, ON M6H 2X6","5131-Producteurs, réalisateurs, chorégraphes et personnel assimilé",1
,,"Steam Films, Inc.","Toronto, ON M5A 2N4","5131-Producteurs, réalisateurs, chorégraphes et personnel assimilé",1
,,Suneeva Ltd.,"Toronto, ON M5B 2E7","5131-Producteurs, réalisateurs, chorégraphes et personnel assimilé",5
,,Sure Track West Ltd.,"Concord, ON L4K 5B5",7511-Conducteurs de camions de transport,1
,,The Corporation of The County of Simcoe,"Midhurst, ON L9X 1N6","4412-Aides familiaux résidents, aides de maintien à domicile et personnel assimilé",1
,,The Lodges at Blue Mountain Corporation,"Aurora, ON L4G 7S8",0632-Directeurs des services d'hébergement,1
,,Trivision Broadband and Telecom Inc,"Markham, ON L3R 2N7","0015-Cadres supérieurs - commerce, radiotélédiffusion et autres services, n.c.a.",1
,,U and MI Holdings Inc.,"Etobicoke, ON M9C 1B8",0631-Directeurs de la restauration et des services alimentaires,1
,,Vila Bricklaying Ltd,"Toronto, ON M6L 1H4",7281-Briqueteurs-maçons,1
,,Westside Studio,"Toronto, ON M6H 4A6","5131-Producteurs, réalisateurs, chorégraphes et personnel assimilé",1
,,Workplace Medical Corp,"Hamilton, ON L8R 1E2",3112-Omnipraticiens et médecins en médecine familiale,1
,,Z and Z Pharmacies Ltd.,"Windsor, ON N8W 3S4",3112-Omnipraticiens et médecins en médecine familiale,2
,   Bas salaire,1231889 Ontario Limited,"Mississauga, ON L4T 2H5",6322-Cuisiniers,2
,,1268887 Ontario Inc,"Toronto, ON M4K 2P8",6321-Chefs,1
,,1404087 Ontario Inc.,"Concord, ON L4K 2T8",2233-Technologues et techniciens en génie industriel et en génie de fabrication,1
,,1520636 Ontario Inc,"Brampton, ON L6R 2K7",0631-Directeurs de la restauration et des services alimentaires,1
,,1630604 Ontario Inc.,"Brampton, ON L6S 6L1",0631-Directeurs de la restauration et des services alimentaires,1
,,,,6322-Cuisiniers,1
,,1845073 Ontario Inc.,"Milton, ON L9T 1P8",6322-Cuisiniers,1
,,1845129 Ontario Ltd.,"Thornhill, ON L4J 8W1","6562-Esthéticiens, électrolystes et personnel assimilé",1
,,1855655 Ontario Inc,"London, ON N6G 5J3",6311-Superviseurs des services alimentaires,1
,,1928045 Ontario Ltd.,"Grimsby, ON L3M 4E8",6311-Superviseurs des services alimentaires,2
,,1st Ambuport Inc.,"North York, ON M3B 2T6",1241-Adjoints administratifs,1
,,2036062 Ontario Inc.,"Mississauga, ON L4T 2G8",6211-Superviseurs des ventes - commerce de détail,1
,,2053167 Ontario Inc.,"Toronto, ON M2N 5P9",6322-Cuisiniers,1
,,2065283 Ontario Inc.,"Toronto, ON M5P 2H8","5254-Animateurs et responsables de programmes de sports, de loisirs et de conditionnement physique",1
,,2138725 Ontario Inc.,"Pickering, ON L1V 6K3",6311-Superviseurs des services alimentaires,1
,,2202662 Ontario Inc.,"Toronto, ON M4Y 1K9",6311-Superviseurs des services alimentaires,1
,,2209000 Ontario Ltd.,"Waterloo, ON N2J 4H7",5241-Designers graphiques et illustrateurs,1
,,2265122 Ontario Inc.,"Brampton, ON L6V 4N1",6322-Cuisiniers,1
,,2354181 Ontario Inc,"Toronto, ON M4N 2L9",6322-Cuisiniers,1
,,2387103 Ontario Inc.,"London, ON N6E 1V4",6322-Cuisiniers,1
,,2447103 Ontario Inc.,"Richmond Hill, ON L4B 3B1",6321-Chefs,1
,,2478388 Ontario Inc.,"Mount Hope, ON L0R 1W0","8255-Entrepreneurs et superviseurs des services de l'aménagement paysager, de l'entretien des terrains et de l'horticulture",1
,,2480839 Ontario Inc.,"London, ON N5X 0L9",6211-Superviseurs des ventes - commerce de détail,1
,,2522618 Ontario Corporation,"Petawawa, ON K8H 2E2",6311-Superviseurs des services alimentaires,1
,,8320357 Canada Ltd.,"Brampton, ON L6R 2K7",6322-Cuisiniers,1
,,8720568 Canada Inc,"Scarborough, ON M1S 5V9",6322-Cuisiniers,5
,,Antica Pizzeria Inc.,"Niagara Falls, ON L2G 3L6",6322-Cuisiniers,1
,,Belwood Poultry Limited,"Amherstburg, ON N9V 2Y9","9617-Manoeuvres dans la transformation des aliments, des boissons et des produits connexes",6
,,Central Tree Care Ltd.,"Toronto, ON M1L 4M7","8255-Entrepreneurs et superviseurs des services de l'aménagement paysager, de l'entretien des terrains et de l'horticulture",1
,,Crystal Nail Spa Inc.,"Burlington, ON L7M 4C6","6562-Esthéticiens, électrolystes et personnel assimilé",2
,,D & J Manufacturing Co. Ltd,"Toronto, ON M8Z 5V5",7272-Ébénistes,1
,,DHG 09 Inc.,"Mississauga, ON L5W 1T2",6311-Superviseurs des services alimentaires,1
,,EAT ITALY LTD.,"Barrie, ON L4N 9N2",6322-Cuisiniers,1
,,Halton Hills Labradoodles Inc.,"Burlington, ON L7P 0A6",6563-Soigneurs d'animaux et travailleurs en soins des animaux,1
,,Heng Hing Trading Ltd . 1759317 Ontario Inc,"Richmond Hill, ON L4B 3K7",1221-Agents d'administration,1
,,"Hoya Lens Canada, Inc.","Mississauga, ON L5L 5Z9",2282-Agents de soutien aux utilisateurs,1
,,JDSM Creative Inc.,"Toronto, ON M6K 2T9","5243-Ensembliers de théâtre, dessinateurs de mode, concepteurs d'expositions et autres concepteurs artistiques",1
,,Just Shawarma Inc.,"Stittsville, ON K2S 1B9",6322-Cuisiniers,1
,,Kingsville Stamping Ltd.,"Kingsville, ON N9Y 2E5","9619-Autres manoeuvres des services de transformation, de fabrication et d'utilité publique",9
,,kitchenforkitchen.com Inc.,"Toronto, ON M3N 1V7",7272-Ébénistes,1
,,Mohamad's Barber Shop,"Cambridge, ON N1T 1W2",6341-Coiffeurs et barbiers,1
,,Multi-Mold Plastics Inc.,"Concord, ON L4K 1G6",9214-Surveillants dans la fabrication de produits en caoutchouc et en plastique,1
,,Ontario Best Carrier Inc,"Bolton, ON L7E 3B6","1215-Superviseurs du personnel de coordination de la chaîne d'approvisionnement, du suivi et des horaires",1
,,Ontario Potato Dist. (Alliston) Inc. 1991,"Alliston, ON L9R 1W1",7452-Manutentionnaires,6
,,Phoenix Custom Autobody Inc.,"Brampton, ON L6W 1X9",7322-Débosseleurs et réparateurs de carrosserie,1
,,Pinecrest Remembrance Services Ltd.,"Ottawa, ON K2C 3H9",8612-Manoeuvres en aménagement paysager et en entretien des terrains,1
,,Preet Logistics LTD.,"Hornby, ON L0P 1E0",7511-Conducteurs de camions de transport,1
,,Pride Group Logistics Ltd.,"Mississauga, ON L5T 1A6",7511-Conducteurs de camions de transport,1
,,Projection Moulds Inc.,"Brantford, ON N3S 7X3",2233-Technologues et techniciens en génie industriel et en génie de fabrication,1
,,Promast Inc.,"Mississauga, ON L4X 2G1",1311-Techniciens en comptabilité et teneurs de livres,1
,,S & A Crafts,"Concord, ON L4K 1J1",7272-Ébénistes,1
,,Shivam Inc. O/A Subway Restaurant,"Etobicoke, ON M9B 4J3",6311-Superviseurs des services alimentaires,1
,,St. Joseph's Health Care London,"London, ON N6A 4V2",0711-Directeurs de la construction,1
,,The Strategy Institute Inc.,"Toronto, ON N5V 3A8","1123-Professionnels en publicité, en marketing et en relations publiques",1
,,Turco Persian Rug Company Inc,"Toronto, ON M5A 1R2","9442-Tisseurs, tricoteurs et autres opérateurs de machines textiles",1
,,ULS Corporate Inc.,"Toronto, ON M2N 5Y7",1225-Agents aux achats,1
,,VBE Developments Ltd.,"Toronto, ON M8Y 3J6",1224-Agents de gestion immobilière,1
,,Zuimei Corporation Ltd.,"Toronto, ON M5V 1Z4",6311-Superviseurs des services alimentaires,1
,  Agriculture primaire,2492309 Ontario Ltd / Double Diamond Plant 3,"Leamington, ON N8H 3W2",8432-Ouvriers de pépinières et de serres,4
,,Harwood Estate Vineyards Inc.,"Aurora, ON L4G 1H8",8431-Ouvriers agricoles,2
,,Horizon Seeds Canada Inc.,"Courtland, ON N0J 1E0","8252-Entrepreneurs de services agricoles, surveillants d'exploitations agricoles et ouvriers spécialisés dans l'élevage",1
,,JM Hydroponics Ltd,"Kingsville, ON N9Y 2N5",8432-Ouvriers de pépinières et de serres,20
,,Monaghan Mushrooms Ltd,"Campbellville, ON L0P 1B0",8611-Manoeuvres à la récolte,30
,,Pioneer Flower Farms Limited,"St. Catharines, ON L2R 6P9",8432-Ouvriers de pépinières et de serres,18
,,Prism Farms Ltd,"Leamington, ON N8H 3V8",8432-Ouvriers de pépinières et de serres,14
,,,,8611-Manoeuvres à la récolte,6
,,Roelands Plant Farms Inc,"Lambton Shores, ON N0N 1J5",8432-Ouvriers de pépinières et de serres,10
,,Under Sun Acres Inc,"Staples, ON N0P 2J0",8432-Ouvriers de pépinières et de serres,15
,,United Bait Inc.,"Stratford, ON N5A 1W3",8611-Manoeuvres à la récolte,7
,Résident permanent seulement,1087396 Ontario Ltd.,"Toronto, ON M4G 3B5",6321-Chefs,1
,,1295503 Ontario Inc.,"Mississauga, ON L5V 2H1","0016-Cadres supérieurs - construction, transport, production et services d'utilité publique",1
,,,,0731-Directeurs des transports,1
,,1740367 Ontario Inc.,"Toronto, ON M1V 4S9",6421-Vendeurs - commerce de détail,1
,,2130038 Ontario Inc,"Mississauga, ON L5T 1B6",1221-Agents d'administration,1
,,2207801 Ontario Inc.,"Brampton, ON L6W 1M6",6211-Superviseurs des ventes - commerce de détail,1
,,2212579 Ontario Ltd.,"Toronto, ON M5T 1S5","6313-Superviseurs des services d'hébergement, de voyages, de tourisme et des services connexes",1
,,6775187 Canada Inc.,"Brampton, ON L6R 1R7","1215-Superviseurs du personnel de coordination de la chaîne d'approvisionnement, du suivi et des horaires",1
,,A 2 Z Kitchen Cabinets Inc.,"Brampton, ON L6T 4M2",9224-Surveillants dans la fabrication de meubles et d'accessoires,1
,,A&C Law Firm LLP,"Ottawa, ON K1V 7Z3","4164-Recherchistes, experts-conseils et agents de programmes en politiques sociales",1
,,Ancam Solutions Company Ltd,"Oakville, ON L6L 6J4",1311-Techniciens en comptabilité et teneurs de livres,1
,,APS Mann Legal Professional Corp.,"Brampton, ON L6T 4L9","0013-Cadres supérieurs - services financiers, communications et autres services aux entreprises",1
,,Clore Beauty Inc.,"Toronto, ON M6H 1M8",6211-Superviseurs des ventes - commerce de détail,1
,,Core Architects Inc,"Toronto, ON M5V 1P9",7205-Entrepreneurs et contremaîtres des autres métiers de la construction et des services de réparation et d'installation,1
,,EP America Inc.,"Mississauga, ON L4W 4J4",1241-Adjoints administratifs,1
,,Everest Toronto Services Inc.,"Mississauga, ON L5B 2C4",0621-Directeurs - commerce de détail et de gros,3
,,Global IT Connect Ltd.,"Mississauga, ON L4V 1W1",2172-Analystes de bases de données et administrateurs de données,1
,,Navid Manufacturing Inc,"Guelph, ON N1H 6H9","7201-Entrepreneurs et contremaîtres des machinistes et du personnel des métiers du formage, du profilage et du montage des métaux et personnel assimilé",1
,,N-Patrol Inc.,"Woodbridge, ON L4H 0J2",6221-Spécialistes des ventes techniques - commerce de gros,1
,,Rei Dos Leitos Bar & Grill Ltd,"London, ON N5Z 1T6",0631-Directeurs de la restauration et des services alimentaires,1
,,S & A Crafts,"Concord, ON L4K 1J1",7204-Entrepreneurs et contremaîtres en charpenterie,1
,,St. Isidore Storage Limited,"St. Isidore, ON K0C 2B0",0714-Directeurs de l'exploitation et de l'entretien d'immeubles,1
,,Standard Sweets and Restaurants Ltd.,"Brampton, ON L6R 2K4",6322-Cuisiniers,1
,,Tamello Enterprises Inc.,"Concord, ON L4K 1L9",6322-Cuisiniers,1
,,Toronto School of Management Inc.,"Toronto, ON M5G 1K2","4163-Agents de développement économique, recherchistes et experts-conseils en marketing",1
Manitoba,    Haut salaire,4667710 Manitoba Ltd.,"Winnipeg, MB R3P 2P2",4214-Éducateurs et aides-éducateurs de la petite enfance,2
,,Bison Family Medical Clinic Inc.,"Winnipeg, MB R3T 4Z7",4212-Travailleurs des services sociaux et communautaires,1
,,DFS Deck Freight Systems Inc.,"Winnipeg, MB R3S 1A3",7511-Conducteurs de camions de transport,3
,,Ingram Consulting Limited,"Winnipeg, MB R3B 1Z8",4211-Techniciens juridiques et personnel assimilé,1
,,Lozman Canada Inc,"Winnipeg, MB R3N 0V7",0621-Directeurs - commerce de détail et de gros,1
,,Nyu Nyu International Ltd.,"Winnipeg, MB R3N 1P3",0632-Directeurs des services d'hébergement,1
,,SH Construction & Renovation Inc,"Winnipeg, MB R2M 2P8",7283-Carreleurs,1
,,Urecoat Inc.,"Winnipeg, MB R2J 3R8",7293-Calorifugeurs,1
,   Bas salaire,4195101 Manitoba Ltd.,"Winnipeg, MB R2M 5A9",6322-Cuisiniers,2
,,6449434 Manitoba Ltd,"Winnipeg, MB R3T 4S5",6322-Cuisiniers,1
,,Domo Gasoline Corporation Ltd,"Winnipeg, MB R3C 1E5",6211-Superviseurs des ventes - commerce de détail,2
,,Lozman Canada Inc,"Winnipeg, MB R3N 0V7",6421-Vendeurs - commerce de détail,2
,,Peter Bastians International,"Winnipeg, MB R3P 2H2",6322-Cuisiniers,1
,,ShopDrop Ltd.,"Winnipeg, MB R3W 0G7",7514-Chauffeurs-livreurs - services de livraison et de messagerie,3
,  Agriculture primaire,Calvern Farms Ltd.,"Argyle, MB R0C 0B0",8431-Ouvriers agricoles,2
,Résident permanent seulement,Nexus Realty Brokerage,"Brandon, MB R7A 4K1","0016-Cadres supérieurs - construction, transport, production et services d'utilité publique",1
Saskatchewan,    Haut salaire,1647019 Ontario Inc.,"Regina, SK S4T 1E6",7312-Mécaniciens d'équipement lourd,3
,,,,7511-Conducteurs de camions de transport,4
,,Five Hills Health Region,"Moose Jaw, SK S6J 0C2",3111-Médecins spécialistes,1
,,Olugbenga Abimbola Akinsanya Dental Prof Corp,"Prince Albert, SK S6V 4T1",3113-Dentistes,1
,,Radiology Associates Of Regina Medical P.C. Inc.,"Regina, SK S4S 6X5",3111-Médecins spécialistes,1
,,S.K. Transportation Inc.,"Saskatoon, SK S7W 0X5",7511-Conducteurs de camions de transport,2
,   Bas salaire,101105624 Saskatchewan Ltd.,"Lanigan, SK S0K 2M0",6311-Superviseurs des services alimentaires,1
,,101190264 Saskatchewan Ltd.,"Saskatoon, SK S7T 0G3",6322-Cuisiniers,1
,,101298842 Saskatchewan Ltd.,"Big River, SK S0J 0E0",6311-Superviseurs des services alimentaires,1
,,102016053 Saskatchewan Ltd.,"Regina, SK S4V 1H1",0631-Directeurs de la restauration et des services alimentaires,1
,,AG Commercial Cleaner,"Prince Albert, SK S6V 1M1",6731-Préposés à l'entretien ménager et au nettoyage - travaux légers,1
,,Little Castle Childcare Centre,"Indian Head, SK S0G 2K0",4214-Éducateurs et aides-éducateurs de la petite enfance,1
,,Moosomin Asian Food Mart Inc.,"Moosomin, SK S0G 3N0",6211-Superviseurs des ventes - commerce de détail,1
,,P & K Trading Ltd,"Hudson Bay, SK S0E 0Y0",6513-Serveurs d'aliments et de boissons,1
Alberta,    Haut salaire,1020102 Alberta Ltd.,"Edmonton, AB T6V 1G5",0631-Directeurs de la restauration et des services alimentaires,1
,,1213344 AB Ltd.,"Grande Prairie, AB T8V 5L4","7201-Entrepreneurs et contremaîtres des machinistes et du personnel des métiers du formage, du profilage et du montage des métaux et personnel assimilé",1
,,1487016 Alberta Ltd,"Calgary, AB T2G 1K4",6314-Superviseurs des services d'information et des services à la clientèle,1
,,1798529 Alberta Ltd,"Calgary, AB T2A 0V1",0621-Directeurs - commerce de détail et de gros,1
,,417643 Alberta Ltd. o/a Kastelen Sausage & Fine Meats,"Ardrossan, AB T8G 2G2",0621-Directeurs - commerce de détail et de gros,1
,,Comm-It Canada Inc o/a Comm-it,"Calgary, AB T2T 0H1",0213-Gestionnaires des systèmes informatiques,1
,,Crane & IMJ Medical Clinics,"Chestermere, AB T1X 0T9",3112-Omnipraticiens et médecins en médecine familiale,1
,,Future Forward Inc,"Calgary, AB T3C 3K8",2175-Concepteurs et développeurs Web,1
,,Hyrax Orthodontic Lab,"Okotoks, AB T1S 1J3",3223-Technologues et techniciens dentaires et auxiliaires dans les laboratoires dentaires,1
,,Ideal Contract Services Ltd.,"Edmonton, AB T6E 5C8","7284-Plâtriers, poseurs et finisseurs de systèmes intérieurs et latteurs",1
,,iHome Media Inc,"Calgary, AB T2B 0K6",2282-Agents de soutien aux utilisateurs,1
,,Indo-Bridge Inc.,"Calgary, AB T2K 3R8","0013-Cadres supérieurs - services financiers, communications et autres services aux entreprises",1
,,Izah Corporation,"Edson, AB T7E 1V2",0621-Directeurs - commerce de détail et de gros,1
,,K. Sideri Professional Corporation,"Edmonton, AB T6G 1C3",1243-Adjoints administratifs médicaux,1
,,Kansas Ridge Trucking Ltd.,"Lacombe, AB T4L 2N4","1215-Superviseurs du personnel de coordination de la chaîne d'approvisionnement, du suivi et des horaires",1
,,M & T Ceramic Tile and Marble Ltd.,"Calgary, AB T3P 1G1","7284-Plâtriers, poseurs et finisseurs de systèmes intérieurs et latteurs",2
,,Modus Enterprises Ltd.,"Calgary, AB T2B 3R3","7441-Personnel d'installation, d'entretien et de réparation d'équipement résidentiel et commercial",1
,,Municipal District of Mackenzie #23,"Fort Vermillion, AB T0H 1N0",2153-Urbanistes et planificateurs de l'utilisation des sols,1
,,Parcae Ltd.,"Sturgeon County, AB T8T 0C7",7205-Entrepreneurs et contremaîtres des autres métiers de la construction et des services de réparation et d'installation,1
,,Regency Innovations Inc.,"Edmonton, AB T6E 5H7",1221-Agents d'administration,1
,,Sameera & Sophina Restaurants Ltd,"Edmonton, AB T6K 4A2",0631-Directeurs de la restauration et des services alimentaires,1
,,Shamrock Building Services Ltd,"Edmonton, AB T5L 0T6",7204-Entrepreneurs et contremaîtres en charpenterie,3
,,Thomas Insulation Constructors Inc.,"Calgary, AB T2E 6W1","1215-Superviseurs du personnel de coordination de la chaîne d'approvisionnement, du suivi et des horaires",1
,,Tingley Implements Inc,"Lloydminster, AB T9V 3A3",7312-Mécaniciens d'équipement lourd,1
,,"Two Pillars Financial Solutions, Inc.","Edmonton, AB T6W 0G9",1212-Superviseurs de commis de finance et d'assurance,1
,,Westlock Motors Ltd.,"Westlock, AB T7P 2E4",7301-Entrepreneurs et contremaîtres en mécanique,1
,,Window Mart Inc.,"Edmonton, AB T6E 6M9",6221-Spécialistes des ventes techniques - commerce de gros,1
,   Bas salaire,100 West Ltd,"Lloydminster, AB T9V 3B7",6311-Superviseurs des services alimentaires,1
,,1007876 Alberta Ltd.,"Westlock, AB T7P 2C6",6311-Superviseurs des services alimentaires,1
,,1100512 Alberta Ltd,"Edmonton, AB T6G 1E4",6316-Surveillants des autres services,1
,,1172679 Alberta Ltd,"Edmonton, AB T6H 0K5",6322-Cuisiniers,2
,,1205466 Alberta Ltd,"Grimshaw, AB T0H 1W0",6322-Cuisiniers,1
,,1208922 Alberta Ltd,"Peace River, AB T8S 1S3",6311-Superviseurs des services alimentaires,1
,,1231023 Alberta Ltd,"Edmonton, AB T6W 1M9",6311-Superviseurs des services alimentaires,1
,,1425207 Alberta Ltd,"Edmonton, AB T6V 0C5",6311-Superviseurs des services alimentaires,1
,,1479554 Alberta Ltd.,"Calgary, AB T3E 6K6",6311-Superviseurs des services alimentaires,1
,,1482425 Alberta Ltd,"Edmonton, AB T5B 0G1",0631-Directeurs de la restauration et des services alimentaires,1
,,1485615 Alberta Ltd,"Calgary, AB T2Z 0C2",6311-Superviseurs des services alimentaires,1
,,1502919 Alberta Ltd,"Edmonton, AB T6H 3A4",6311-Superviseurs des services alimentaires,1
,,1619904 Alberta Ltd.,"Bonnyville, AB T9N 0C3","6313-Superviseurs des services d'hébergement, de voyages, de tourisme et des services connexes",1
,,1624496 Alberta Ltd,"Medicaine Hat, AB T1E 5N5",6611-Caissiers,1
,,1635107 Alberta Ltd.,"Vermilion, AB T9X 0B4",6311-Superviseurs des services alimentaires,1
,,1688599Alberta Ltd,"Edmonton, AB T5J 4G9",6311-Superviseurs des services alimentaires,1
,,1689796 Alberta Ltd.,"Fox Creek, AB T0H 1P0",6311-Superviseurs des services alimentaires,1
,,1716808 Alberta Ltd.,"Calgary, AB T2H 2Z9",6315-Surveillants des services de nettoyage,1
,,1730203 Alberta Ltd.,"Grassland, AB T0A 1V0","6313-Superviseurs des services d'hébergement, de voyages, de tourisme et des services connexes",1
,,,,6525-Réceptionnistes d'hôtel,1
,,1773697 Alberta Ltd,"Edmonton, AB T6E 2A2",6211-Superviseurs des ventes - commerce de détail,1
,,1810725 Alberta Ltd,"Peace River, AB T8S 1R7",6322-Cuisiniers,1
,,1811926 Alberta Ltd.,"Grande Prairie, AB T8V 7T3",6311-Superviseurs des services alimentaires,1
,,1823076 Alberta Ltd,"Edmonton, AB T5T 4M2",6311-Superviseurs des services alimentaires,1
,,1889508 Alberta Ltd.,"Calgary, AB T2W 5B5",6321-Chefs,1
,,1889917 Alberta Ltd.,"Calgary, AB T2H 0L8",6311-Superviseurs des services alimentaires,1
,,1891841 Alberta Ltd.,"Edmonton, AB T5P 4Y2",6211-Superviseurs des ventes - commerce de détail,1
,,1908036 Alberta Ltd.,"Calgary, AB T2Y 2Z7",6311-Superviseurs des services alimentaires,1
,,1910014 Alberta Ltd.,"Calgary, AB T3J 5H2",6315-Surveillants des services de nettoyage,1
,,1912758 Alberta Ltd o/a Shawarma Palace and Convenience,"Fort McMurray, AB T9K 0T4",6311-Superviseurs des services alimentaires,1
,,,,6322-Cuisiniers,1
,,1912892 Alberta Ltd,"Calgary, AB T2Y 3C1",6322-Cuisiniers,1
,,1941438 Alberta Ltd.,"Calgary, AB T3N 0C8",6211-Superviseurs des ventes - commerce de détail,1
,,1942093 Alberta Ltd,"Edmonton, AB T5T 2S5",7294-Peintres et décorateurs (sauf décorateurs d'intérieur),1
,,1948119 Alberta Ltd,"Edmonton, AB T5J 1G1",6311-Superviseurs des services alimentaires,1
,,1965038 Alberta Ltd.,"High River, AB T1V 2A9",6311-Superviseurs des services alimentaires,1
,,1970188 Alberta Ltd.,"Fort Saskatchewan, AB T8L 0V6",6311-Superviseurs des services alimentaires,2
,,2004354 Alberta Ltd.,"Leduc, AB T9E 0J6",6311-Superviseurs des services alimentaires,2
,,417719 Alberta Ltd.,"Calgary, AB T2X 1Z3",6732-Nettoyeurs spécialisés,1
,,508343 Alberta Inc,"Valleyview, AB T0H 3N0",6311-Superviseurs des services alimentaires,1
,,526753 Alberta Ltd,"Calgary, AB T2J 5N8",6322-Cuisiniers,1
,,544562 Alberta Ltd.,"Fort McMurray, AB T9H 4V8",6322-Cuisiniers,2
,,628851 Alberta Ltd,"Red Deer, AB T4R 1N9",6322-Cuisiniers,1
,,681454 Alberta Ltd.,"Wabasca, AB T0G 2K0",0631-Directeurs de la restauration et des services alimentaires,1
,,855782 Alberta Ltd,"Edmonton, AB T5A 5B5",6311-Superviseurs des services alimentaires,4
,,945935 Alberta Ltd,"Leduc, AB T9E 6P1",6311-Superviseurs des services alimentaires,1
,,A1 Triple X Ltd.,"Calgary, AB T3J 0J5",1221-Agents d'administration,1
,,Able Tire Service Ltd.,"Calgary, AB T2B 2Y8",7535-Autres préposés à la pose et à l'entretien des pièces mécaniques d'automobiles,1
,,AHN Enterprises Ltd,"Athabasca, AB T9S 1A5",6525-Réceptionnistes d'hôtel,1
,,,,6731-Préposés à l'entretien ménager et au nettoyage - travaux légers,2
,,Alberta Production Machining Ltd,"Edmonton, AB T6B 3S5",7231-Machinistes et vérificateurs d'usinage et d'outillage,1
,,Astha Fine Indian Cuisine Ltd.,"Red Deer, AB T4P 1K4",6322-Cuisiniers,1
,,ATV Edmonton Motorsports Ltd,"Edmonton, AB T5L 4L8",6221-Spécialistes des ventes techniques - commerce de gros,1
,,Autumn Mist Janitorial Services Inc,"Grande Prairie, AB T8V 7G7",6315-Surveillants des services de nettoyage,1
,,Brooklyn Pizzeria & Taps Inc,"Calgary, AB T2H 2J5",6321-Chefs,1
,,Byblos Bakery Ltd.,"Calgary, AB T2E 8J8","9461-Opérateurs de machines et de procédés industriels dans la transformation des aliments, des boissons et des produits connexes",3
,,Calg Chicken Foods Inc,"Edmonton, AB T5S 2X4",0631-Directeurs de la restauration et des services alimentaires,1
,,,,6311-Superviseurs des services alimentaires,1
,,Canadian Base Transport Ltd.,"Calgary, AB T3L 3G6",1221-Agents d'administration,1
,,Canadian Professional Cleaning Inc,"Drayton Valley, AB T7A 1H8",6315-Surveillants des services de nettoyage,1
,,Company of Rogues Ltd.,"Calgary, AB T2T 0B6",1241-Adjoints administratifs,1
,,Corridor Communications Inc,"Calgary, AB T2E 7H8",2282-Agents de soutien aux utilisateurs,1
,,Craft Flooring Ltd.,"Calgary, AB T3J 4T2",7295-Poseurs de revêtements d'intérieur,1
,,Dalhousie Community Association,"Calgary, AB T3A 1V6",4214-Éducateurs et aides-éducateurs de la petite enfance,1
,,Dil Transport Ltd,"Edmonton, AB T6T 0G3",1241-Adjoints administratifs,1
,,Edmonton Kinsmen Diving Club,"Edmonton, AB T6E 2V3",5252-Entraîneurs,1
,,Fantastic Cleaner Inc.,"Calgary, AB T3A 4M3",6731-Préposés à l'entretien ménager et au nettoyage - travaux légers,1
,,Fashion Hair Centre,"Edmonton, AB T6C 0Y4",6341-Coiffeurs et barbiers,1
,,Fort Joes Enterprises Ltd,"Fort McMurray, AB T9H 2J3",6311-Superviseurs des services alimentaires,1
,,Fortis LGS Structures Inc,"Edmonton, AB T6N 0A3",7611-Aides de soutien des métiers et manoeuvres en construction,5
,,Ghost Town Tattoo Inc.,"Okotoks, AB T1S 1B4","6562-Esthéticiens, électrolystes et personnel assimilé",1
,,Graham & Lane Florists Ltd,"Edmonton, AB T5J 2Y9",6211-Superviseurs des ventes - commerce de détail,1
,,Green and White Enterprises Ltd,"Camrose, AB T4V 4T1",6311-Superviseurs des services alimentaires,1
,,Inah Nail Art Salon Ltd.,"Fort McMurray, AB T9K 0Z3",6316-Surveillants des autres services,1
,,Italian Centre Shop Ltd.,"Edmonton, AB T5H 2E4",6421-Vendeurs - commerce de détail,1
,,Italian Centre Shop South Ltd,"Edmonton, AB T5H 2E4",6421-Vendeurs - commerce de détail,1
,,J&G International Trading Ltd.,"Tofield, AB T0B 4J0",6211-Superviseurs des ventes - commerce de détail,1
,,Jabbour Holdings Ltd,"Devon, AB T9G 0A6",6211-Superviseurs des ventes - commerce de détail,1
,,James Richer Enterprises Ltd.,"Vegreville, AB T9C 1C2",6311-Superviseurs des services alimentaires,7
,,Jays Pet Care Corporation,"Edmonton, AB T6J 6P6",3213-Technologues en santé animale et techniciens vétérinaires,1
,,Jugo 168 Ltd,"Calgary, AB T2H 0K8",6311-Superviseurs des services alimentaires,1
,,LHK Investment Corp.,"Grande Prairie, AB T8V 4M9",6315-Surveillants des services de nettoyage,1
,,Liquor XS Inc.,"Edmonton, AB T6K 4A2",6211-Superviseurs des ventes - commerce de détail,1
,,MH Dhaliwal Trucking Ltd.,"Edmonton, AB T6P 1S8",1241-Adjoints administratifs,1
,,MJT Oilfield Sewing & Cleaning,"Fox Creek, AB T0H 1P0",6731-Préposés à l'entretien ménager et au nettoyage - travaux légers,1
,,On Time Concrete Pumping Ltd,"Edmonton, AB T6N 1A8",7611-Aides de soutien des métiers et manoeuvres en construction,1
,,Option Construction Corp.,"Spruce Grove, AB T7X 3B5",7511-Conducteurs de camions de transport,1
,,Oriental Noodle House Thanh Thanh Restaurant Ltd.,"Edmonton, AB T5H 2S3",0631-Directeurs de la restauration et des services alimentaires,1
,,Panalta - 3 Investments Ltd,"Olds, AB T4H 1J5",6322-Cuisiniers,1
,,Pichay Janitorial Services Inc.,"High Prairie, AB T0G 1E0",6315-Surveillants des services de nettoyage,1
,,Polish Bilingual Program Parent Advisory Society,"Edmonton, AB T5G 0L8",4214-Éducateurs et aides-éducateurs de la petite enfance,1
,,Protective Surface Enterprises Ltd.,"Calgary, AB T2K 5X3",7294-Peintres et décorateurs (sauf décorateurs d'intérieur),1
,,Raj Woodwork Ltd.,"Edmonton, AB T6T 1N4",7272-Ébénistes,2
,,Ranjinder & Sukh Investments Inc. o/a Bottle Bin,"Edmonton, AB T6E 5E9",9227-Surveillants dans la fabrication et le montage de produits divers,1
,,Rayon Liquor LTD,"Calgary, AB T3N 0P1",6211-Superviseurs des ventes - commerce de détail,1
,,Roshan Catering Ltd.,"Calgary, AB T1Y 3T5",6311-Superviseurs des services alimentaires,1
,,SDI Trans Ltd.,"Edmonton, AB T5T 4R4",1525-Répartiteurs,1
,,Skylark Stucco Ltd.,"Calgary, AB T3J 4Z2",7611-Aides de soutien des métiers et manoeuvres en construction,1
,,Sleepy Creek Bed & Breakfast Inc,"Calgary, AB T2G 1Z1",6322-Cuisiniers,1
,,South Side Ornamental Iron Works (1979) Co. Ltd,"Edmonton, AB T6E 4C1",9612-Manoeuvres en métallurgie,1
,,Spruce Meadows Ltd,"Calgary, AB T2X 4B7","5254-Animateurs et responsables de programmes de sports, de loisirs et de conditionnement physique",1
,,SRZS Enterprises Inc,"Vegreville, AB T9C 1R2",6211-Superviseurs des ventes - commerce de détail,1
,,Stella General Cleaning Ltd.,"Okotoks, AB T1S 2L7",6315-Surveillants des services de nettoyage,1
,,Sunshine Food Inc,"Okotoks, AB T1S 0J4",6322-Cuisiniers,1
,,Sylvan Jewellers Ltd,"Red Deer, AB T4R 3A2","6344-Bijoutiers, réparateurs de bijoux, horlogers-rhabilleurs et personnel assimilé",1
,,Thai Place Restaurant Ltd.,"Calgary, AB T2K 3M9",6311-Superviseurs des services alimentaires,1
,,The Beauty Control Group Ltd.,"Edmonton, AB T5T 6X4",6211-Superviseurs des ventes - commerce de détail,1
,,,,6421-Vendeurs - commerce de détail,3
,,The Canadian Brewhouse (Red Deer) Ltd,"Edmonton, AB T6X 0A7",6322-Cuisiniers,4
,,The Green Depot Fort McMurray Inc,"Edmonton, AB T6X 0N9","9619-Autres manoeuvres des services de transformation, de fabrication et d'utilité publique",1
,,The Pizza Boxx,"Red Deer, AB T4N 6V9",6322-Cuisiniers,1
,,Triple C's Foods Group Inc,"Cold Lake, AB T9M 0G1",6311-Superviseurs des services alimentaires,2
,,V.Q. Trinh Inc.,"Edmonton, AB T6E 5P3","9213-Surveillants dans la transformation des aliments, des boissons et des produits connexes",1
,  Agriculture primaire,256961 Alberta Ltd,"Lethbridge, AB T1K 6Z8",8431-Ouvriers agricoles,1
,,638152 Alberta Ltd.,"Nanton, AB T0L 1R0","8252-Entrepreneurs de services agricoles, surveillants d'exploitations agricoles et ouvriers spécialisés dans l'élevage",1
,,Bear Springs Farm,"Smoky Lake, AB T0A 3C0",8431-Ouvriers agricoles,4
,,Black & White Dairy Ltd,"Lacombe, AB T4L 2N1","8252-Entrepreneurs de services agricoles, surveillants d'exploitations agricoles et ouvriers spécialisés dans l'élevage",1
,,Bray-Dan Harvesting Inc,"Lethbridge, AB T1K 6L4",8611-Manoeuvres à la récolte,4
,,Fordville Farm Corp.,"Foothills, AB T1S 3G7",8431-Ouvriers agricoles,3
,,Kuhlmann's Market Gardens & Greenhouses Ltd,"Edmonton, AB T5Y 6L6",8431-Ouvriers agricoles,2
,,Kuku Farms Ltd,"Sturgeon County, AB T8R 0V5",8431-Ouvriers agricoles,3
,,Norbest Farms Ltd,"Edmonton, AB T5Y 6K3",8431-Ouvriers agricoles,4
,,Philipsen Farm Ltd,"Lacombe, AB T4L 2N5","8252-Entrepreneurs de services agricoles, surveillants d'exploitations agricoles et ouvriers spécialisés dans l'élevage",3
,,Sinke Farms Ltd.,"Picture Butte, AB T0K 1V0","8252-Entrepreneurs de services agricoles, surveillants d'exploitations agricoles et ouvriers spécialisés dans l'élevage",1
,,Vandemunt Dairy Corp.,"Picture Butte, AB T0K 1V0","8252-Entrepreneurs de services agricoles, surveillants d'exploitations agricoles et ouvriers spécialisés dans l'élevage",1
,Résident permanent seulement,1273129 Alberta Ltd,"Edmonton, AB T6X 0J4",1311-Techniciens en comptabilité et teneurs de livres,1
,,1917690 Alberta Ltd,"Edmonton, AB T5H 4K8",6322-Cuisiniers,1
,,Rush Roofing & Contracting Corp,"Foothills, AB T1S 3M1",7205-Entrepreneurs et contremaîtres des autres métiers de la construction et des services de réparation et d'installation,1
,,S. J. Suleman Investment Ltd,"Red Deer, AB T4P 1A2",0632-Directeurs des services d'hébergement,1
,,Stanley Park Investments Ltd,"Calgary, AB T2J 7G5","6313-Superviseurs des services d'hébergement, de voyages, de tourisme et des services connexes",1
Colombie-Britannique,    Haut salaire,0846236 BC Ltd.,"Surrey, BC V3X 1B7","7284-Plâtriers, poseurs et finisseurs de systèmes intérieurs et latteurs",2
,,1043759 BC Ltd.,"Richmond, BC V7A 3B4",1526-Horairistes de trajets et d'équipages,1
,,1104807 BC Ltd.,"Chilliwack, BC V2R 1A5",7271-Charpentiers-menuisiers,2
,,3DS- Three Dimensional Services Inc.,"Burnaby, BC V5B 3A9",7272-Ébénistes,1
,,663584 BC Ltd,"Surrey, BC V3W 1E6",0125-Directeurs d'autres services aux entreprises,1
,,Abbey Cedar Products Ltd.,"Abbotsford, BC V2T 6J8",7271-Charpentiers-menuisiers,1
,,Acme Glass Ltd.,"Surrey, BC V3W 0A6",9227-Surveillants dans la fabrication et le montage de produits divers,1
,,Agam Holding Ltd,"Surrey, BC V3S 0Y9",7511-Conducteurs de camions de transport,3
,,AK Electric Ltd.,"Coquitlam, BC V3B 7K4",7242-Électriciens industriels,1
,,Akem Homes Ltd.,"Surrey, BC V3V 6Z9",7271-Charpentiers-menuisiers,2
,,Andama Construction Ltd,"Vancouver, BC V6C 1T2",7271-Charpentiers-menuisiers,2
,,Anna Cleaning Services,"North Vancouver, BC V7K 2Y2",6315-Surveillants des services de nettoyage,1
,,Armsby Holdings Ltd.,"Armstrong, BC V0E 1B0",9227-Surveillants dans la fabrication et le montage de produits divers,1
,,Ash Services Ltd,"Surrey, BC V3W 1E6",2253-Technologues et techniciens en dessin,1
,,Benchmark Tech Recruitment Ltd.,"Burnaby, BC V5J 5J8",1223-Agents des ressources humaines et de recrutement,1
,,Border Carrier Ltd,"Surrey, BC V3V 7A5",7305-Surveillants du transport routier et du transport en commun,1
,,Boyal Enterprises Ltd,"Abbotsford, BC V2T 1T7",7271-Charpentiers-menuisiers,1
,,Brenta Construction Inc.,"Burnaby, BC V5B 3A6",2234-Estimateurs en construction,1
,,Burrard Roofing & Drainage Ltd.,"North Vancouver, BC V7H 1T6",2175-Concepteurs et développeurs Web,1
,,Busy Boys Electrical Ltd.,"Surrey, BC V3W 3B2",7205-Entrepreneurs et contremaîtres des autres métiers de la construction et des services de réparation et d'installation,2
,,Central City Brewers & Distillers Ltd,"Surrey, BC V5T 5X3",0631-Directeurs de la restauration et des services alimentaires,1
,,Cheam Taxi Ltd.,"Abbotsford, BC V2S 7W8","7321-Mécaniciens et réparateurs de véhicules automobiles, de camions et d'autobus",1
,,Combined Systems Inc.,"Langley, BC V2L 2Z3",2242-Électroniciens d'entretien (biens domestiques et commerciaux),1
,,Crew Marketing Partners Inc,"Surrey, BC V3S 5J9",5241-Designers graphiques et illustrateurs,1
,,De Ziner Door Manufacturing Ltd,"Surrey, BC V3W 3H7","4163-Agents de développement économique, recherchistes et experts-conseils en marketing",1
,,Dezzen Developments Inc.,"Burnaby, BC V5C 3Z6","1123-Professionnels en publicité, en marketing et en relations publiques",1
,,Dhaliwal Ventures Inc.,"Surrey, BC V3S 1Z9",7271-Charpentiers-menuisiers,1
,,Dumondes Service Management INC.,"Vancouver, BC V5R 0A7","1215-Superviseurs du personnel de coordination de la chaîne d'approvisionnement, du suivi et des horaires",1
,,Effective Auto Body Repair Ltd,"Richmond, BC V6X 2B8",7322-Débosseleurs et réparateurs de carrosserie,1
,,Feed Engineering Inc.,"West Vancouver, BC V7T 1A7","0124-Directeurs de la publicité, du marketing et des relations publiques",1
,,Fig Deli Ltd.,"Victoria, BC V8P 2P3",0621-Directeurs - commerce de détail et de gros,1
,,First Majestic Silver Corp.,"Vancouver, BC V6C 3L2",0111-Directeurs financiers,1
,,Gibo Health Food Ltd,"Richmond, BC V6Y 2B2",0113-Directeurs des achats,1
,,Golden Summit International Development Ltd.,"Richmond, BC V6X 1C3",6322-Cuisiniers,3
,,Golden Trading BC Ltd.,"Surrey, BC V3W 7J1","1215-Superviseurs du personnel de coordination de la chaîne d'approvisionnement, du suivi et des horaires",1
,,Good Luck International Enterprises Ltd,"Richmond, BC V6X 2C2",6322-Cuisiniers,1
,,Handi Cuisine Ltd.,"West Vancouver, BC V7A 1A6",6332-Boulangers-pâtissiers,1
,,Hanok Burnaby Restaurant Ltd,"Burnaby, BC V3J 1N3",6322-Cuisiniers,1
,,Hayer Demolition Ltd,"Surrey, BC V6X 3N2",7237-Soudeurs et opérateurs de machines à souder et à braser,1
,,Holland Imports Inc.,"Burnaby, BC V5C 3W3",5241-Designers graphiques et illustrateurs,1
,,Huamulan Developments Inc.,"Richmond, BC V6W 1J9","0124-Directeurs de la publicité, du marketing et des relations publiques",1
,,Island Travel Inn Inc.,"Victoria, BC V8T 4K6",6315-Surveillants des services de nettoyage,1
,,J.M.T Enterprises Inc.,"Surrey, BC V3W 4E7","7321-Mécaniciens et réparateurs de véhicules automobiles, de camions et d'autobus",1
,,Japan Sky Dining Ltd.,"Richmond, BC V7C 4N1",6321-Chefs,1
,,JDH Eco-Service Ltd.,"Vancouver, BC V5Y 1E9","0015-Cadres supérieurs - commerce, radiotélédiffusion et autres services, n.c.a.",1
,,Jimmy Carroll Steel Fixing Ltd,"North Vancouver, BC V7L 1H7","7201-Entrepreneurs et contremaîtres des machinistes et du personnel des métiers du formage, du profilage et du montage des métaux et personnel assimilé",2
,,Keltek Concrete Ltd.,"Vancouver, BC V6B 2W9",7282-Finisseurs de béton,3
,,Limpark Investments Ltd.,"Burnaby, BC V3N 4N3",6316-Surveillants des autres services,1
,,M & S Sushi Ltd.,"Kamloops, BC V2E 2R7",6322-Cuisiniers,1
,,M.Y. CTrips Travel & Tours Ltd.,"Richmond, BC V6X 3M7",0621-Directeurs - commerce de détail et de gros,1
,,Mander Bros. Enterprises Ltd.,"Delta, BC V4C 6P6",7237-Soudeurs et opérateurs de machines à souder et à braser,2
,,Mann Framing Ltd,"Surrey, BC V3X 0B8",7204-Entrepreneurs et contremaîtres en charpenterie,1
,,Maple Ridge Motorsports Ltd.,"Maple Ridge, BC V2X 2P8","7321-Mécaniciens et réparateurs de véhicules automobiles, de camions et d'autobus",1
,,Matrix Marble Corporation,"Duncan, BC V9L 6W2",7283-Carreleurs,1
,,Max Truck Repair Ltd.,"Surrey, BC V3S 3G1",1411-Employés de soutien de bureau généraux,1
,,"Mervin Lee, M. D., Inc.","Burnaby, BC V5H 2E4",1243-Adjoints administratifs médicaux,1
,,MP Electrical Contracting Ltd,"Richmond, BC V6V 1P8",7241-Électriciens (sauf électriciens industriels et de réseaux électriques),1
,,Niki Design & Glass Studio Inc.,"North Vancouver, BC V7M 1E7",7292-Vitriers,2
,,Nippon Data Inc.,"Langley, BC V3A 3Y1",2171-Analystes et consultants en informatique,1
,,Oak and Fort Corp,"Vancouver, BC V5T 1J3",6211-Superviseurs des ventes - commerce de détail,1
,,Offworld Industries Ltd,"Burnaby, BC V3N 1B8",5223-Techniciens en graphisme,1
,,Outbound Adventures Ltd,"Victoria, BC V9C 4G6",0621-Directeurs - commerce de détail et de gros,1
,,P & M Masonry & Construction Ltd.,"Surrey, BC V3V 2C9","4163-Agents de développement économique, recherchistes et experts-conseils en marketing",1
,,Pacific Coast Distribution Ltd.,"Surrey, BC V4W 4B2",7511-Conducteurs de camions de transport,1
,,Platinum Professional Claim Services Ltd.,"Richmond, BC V6V 2E4",7204-Entrepreneurs et contremaîtres en charpenterie,1
,,Prudential Transportation Ltd.,"Surrey, BC V3W 1R1",7237-Soudeurs et opérateurs de machines à souder et à braser,2
,,Puri Carpet and Flooring Ltd,"Surrey, BC V4N 4T7",7295-Poseurs de revêtements d'intérieur,1
,,Qualicum Beach Inn Corporation,"Qualicum Beach, BC V9K 1G8","6313-Superviseurs des services d'hébergement, de voyages, de tourisme et des services connexes",1
,,Rai & Sandhu Inc. dba Max's Bakery & Deli,"Vancouver, BC V6H 2L2",0631-Directeurs de la restauration et des services alimentaires,1
,,Rami's Cut Barber Shop Ltd.,"Maple Ridge, BC V2X 2T3",6211-Superviseurs des ventes - commerce de détail,1
,,Right Link Logistics Ltd.,"Abbotsford, BC V2S 7N2",1241-Adjoints administratifs,1
,,Skynet Wireless Inc.,"Surrey, BC V3R 1V9",0621-Directeurs - commerce de détail et de gros,1
,,"So, Shin Inc.","Comox, BC V9M 1P8",6322-Cuisiniers,1
,,Sunmore Healthtech Ltd.,"Kamloops, BC V2C 6N9","5125-Traducteurs, terminologues et interprètes",1
,,Superior Tile Contracting Inc.,"Coquitlam, BC V3B 6E8",7205-Entrepreneurs et contremaîtres des autres métiers de la construction et des services de réparation et d'installation,1
,,Technicolor Canada Inc et ses divisions,"Vancouver, BC V6B 2S2","5131-Producteurs, réalisateurs, chorégraphes et personnel assimilé",1
,,Terra Mechanical Ltd,"Delta, BC V4L 1P4",7251-Plombiers,1
,,Thind Properties Ltd,"Vancouver, BC V5N 2T6","4163-Agents de développement économique, recherchistes et experts-conseils en marketing",1
,,Topwin Auto Centre Inc,"Richmond, BC V6X 2B8",6211-Superviseurs des ventes - commerce de détail,1
,,University of British Columbia,"Vancouver, BC V6T 1Z3",4011-Professeurs et chargés de cours au niveau universitaire,1
,,Uptrend Developments Inc,"Vancouver, BC V6E 2P4",7205-Entrepreneurs et contremaîtres des autres métiers de la construction et des services de réparation et d'installation,1
,,,,7236-Monteurs de charpentes métalliques,2
,,VECO Audio Technology Inc.,"Richmond, BC V6V 3C3","0013-Cadres supérieurs - services financiers, communications et autres services aux entreprises",1
,,Whistler Resort Cabs Ltd,"Whistler, BC V0N 1B2","1215-Superviseurs du personnel de coordination de la chaîne d'approvisionnement, du suivi et des horaires",1
,,,,1223-Agents des ressources humaines et de recrutement,1
,   Bas salaire,0974845 BC Ltd,"North Vancouver, BC V7K 1C7",6321-Chefs,1
,,1074257 BC Ltd.,"Prince George, BC V2N 4J9",6311-Superviseurs des services alimentaires,1
,,1110794 B.C. Ltd.,"Langley, BC V3A 4G4",6322-Cuisiniers,1
,,1797148 Alberta Ltd.,"Kelowna, BC V1Y 3V6",6322-Cuisiniers,2
,,627520 BC Ltd.,"North Vancouver, BC V7L 0C6",6311-Superviseurs des services alimentaires,1
,,640675 BC Ltd,"Vancouver, BC V6Z 1X9",6311-Superviseurs des services alimentaires,1
,,777 Eccounting Systems Inc.,"White Rock, BC V4B 3Z4",1311-Techniciens en comptabilité et teneurs de livres,1
,,A. Bosa & Co. Ltd,"Vancouver, BC V5K 4Y3",6421-Vendeurs - commerce de détail,1
,,A1 Indian Restaurant Ltd.,"Surrey, BC V3W 2V7",6322-Cuisiniers,1
,,Akkas Electrical Ltd,"Surrey, BC V3V 5P4",7611-Aides de soutien des métiers et manoeuvres en construction,2
,,All Painting Ltd.,"Coquitlam, BC V3K 4X8",7294-Peintres et décorateurs (sauf décorateurs d'intérieur),1
,,Alpha One Hair Innovations Ltd.,"Vancouver, BC V6B 2W5",6341-Coiffeurs et barbiers,1
,,Alpha Two Hair Innovations Ltd.,"Richmond, BC V6Y 4B2",6341-Coiffeurs et barbiers,1
,,Artech Painting (2006) Corp.,"Fort St. John, BC V1J 4M6",7294-Peintres et décorateurs (sauf décorateurs d'intérieur),1
,,Aztlan Construction Limited,"Surrey, BC V3W 6V5",7611-Aides de soutien des métiers et manoeuvres en construction,2
,,Bibo Pizza Al Taglio Ltd.,"Vancouver, BC V6J 1M4",6322-Cuisiniers,1
,,Bisou Salon Ltd,"Burnaby, BC V5H 4J2",6341-Coiffeurs et barbiers,1
,,Blumeing Hospitality Inc,"White Rock, BC V4B 1C3",6322-Cuisiniers,1
,,BMA Enterprises Ltd.,"Surrey, BC V4A 4N3",6311-Superviseurs des services alimentaires,1
,,CH Restaurant (West Van) Ltd,"West Vancouver, BC V7V 1H8",6311-Superviseurs des services alimentaires,1
,,Chambar Restaurant Corp,"Vancouver, BC V6B 2L3",6322-Cuisiniers,2
,,Chef's Kebab Ltd.,"Surrey, BC V4N 0G1",6322-Cuisiniers,2
,,Convivia Restaurant Ltd,"Osoyoos, BC V0H 1V0",6322-Cuisiniers,1
,,Dr. Satnam Gandham Inc.,"Richmond, BC V6X 3K5",1243-Adjoints administratifs médicaux,1
,,Duffy's Holdings Inc,"Williams Lake, BC V2G 1Z6",6322-Cuisiniers,2
,,Earl's Cafe Fish dba Earl's Restaurants,"Vancouver, BC V6J 1W9",6322-Cuisiniers,1
,,Evergrow Seafood Restaurant Ltd.,"Vancouver, BC V5W 2Z4",6322-Cuisiniers,1
,,FHC Home Care Senior Services Inc,"Vancouver, BC V5L 4W3","4412-Aides familiaux résidents, aides de maintien à domicile et personnel assimilé",1
,,Fit In 30 Fitness Inc.,"Vancouver, BC V5Y 1L3","5254-Animateurs et responsables de programmes de sports, de loisirs et de conditionnement physique",1
,,Five Elements Cafe Ltd.,"Vancouver, BC V5L 3W9",6321-Chefs,2
,,Footo Croissant Corp.,"Burnaby, BC V5B 1K4",6311-Superviseurs des services alimentaires,1
,,Frontier Horse Company,"Quesnel, BC V2J 6Z5","7384-Autre personnel des métiers et personnel assimilé, n.c.a.",1
,,Giving Tree Restaurant Inc.,"Port Moody, BC V3H 2C4",6322-Cuisiniers,1
,,Golden Plaza Company Ltd.,"Vancouver, BC V6Z 1K3",6211-Superviseurs des ventes - commerce de détail,1
,,Good Rich Labour Supplies Ltd,"Surrey, BC V3W 1R1",6332-Boulangers-pâtissiers,2
,,Han Mobility Consulting Ltd.,"Burnaby, BC V3N 4R7",6211-Superviseurs des ventes - commerce de détail,1
,,Harmonie European Day Spa Ltd.,"Vancouver, BC V6G 1C8",6341-Coiffeurs et barbiers,1
,,Hi - Fi Construction Ltd,"Surrey, BC V3V 2R2",7611-Aides de soutien des métiers et manoeuvres en construction,1
,,Hiroba DK Food Service Ltd,"Port Coquitlam, BC V3C 3G3",6322-Cuisiniers,1
,,Hoe! Hoe! Hoe! Gardening Services Ltd.,"Vancouver, BC V6N 3S2",8612-Manoeuvres en aménagement paysager et en entretien des terrains,1
,,Indian Essence Ltd.,"Prince George, BC V2M 1J8",6322-Cuisiniers,1
,,Infobip Communications Inc.,"Vancouver, BC V6Y 1M1",1241-Adjoints administratifs,1
,,Inhwa Investments Ltd.,"Burnaby, BC V3N 4R7",6322-Cuisiniers,1
,,Island Tan Franchise Corp,"Surrey, BC V3R 5P3",6316-Surveillants des autres services,1
,,Island Wok Ltd.,"Victoria, BC V8X 2W8",6322-Cuisiniers,1
,,J & His Childcare,"Richmond, BC V6Y 3E7",4214-Éducateurs et aides-éducateurs de la petite enfance,1
,,JGJ Foods Ltd,"Surrey, BC V4N 3G4","6711-Serveurs au comptoir, aides de cuisine et personnel de soutien assimilé",1
,,Kaiso E&R Restaurant 1618 Ltd.,"West Kelowna, BC V4T 3K7",6322-Cuisiniers,1
,,Kinbari Sushi,"Kimberley, BC V1A 2J4",6321-Chefs,3
,,Kisa Enterprises Ltd.,"North Vancouver, BC V7M 1K9",6211-Superviseurs des ventes - commerce de détail,1
,,Ladner Homes Ltd,"Delta, BC V4K 2X1",7611-Aides de soutien des métiers et manoeuvres en construction,3
,,Landsea Tours Ltd.,"Vancouver, BC V6A 2P3",6732-Nettoyeurs spécialisés,1
,,Luke Bros. International Trading Ltd.,"Burnaby, BC V5E 2P8","9462-Bouchers industriels, dépeceurs-découpeurs de viande, préparateurs de volaille et personnel assimilé",1
,,M & A Baking Inc,"Vancouver, BC V5T 3G3",6211-Superviseurs des ventes - commerce de détail,1
,,Magic Touch Cleaners Ltd.,"Abbotsford, BC V2T 5B8",6315-Surveillants des services de nettoyage,1
,,Maple Glass Holdings Ltd,"Victoria, BC V9B 0A5",9533-Monteurs et contrôleurs d'autres produits en bois,1
,,Mexpro Kitchens Inc. o/a La Taqueria Pinche Taco Shop,"North Vancouver, BC V7P 1B2",6322-Cuisiniers,1
,,Minty Nails Brow and Lash Salon Ltd,"Surrey, BC V3W 5A5","6562-Esthéticiens, électrolystes et personnel assimilé",1
,,Mughal Gardens Restaurant,"Surrey, BC V3W 2V3",6311-Superviseurs des services alimentaires,1
,,My Daycare Services Inc,"Surrey, BC V3X 3H6",4214-Éducateurs et aides-éducateurs de la petite enfance,1
,,Nanaimo Queens Hotel Ltd.,"Nanaimo, BC V9R 3B1",1311-Techniciens en comptabilité et teneurs de livres,1
,,Navpoint Garage Doors Ltd.,"Surrey, BC V3R 1G6","7441-Personnel d'installation, d'entretien et de réparation d'équipement résidentiel et commercial",1
,,New One Dining Ltd.,"Vancouver, BC V6Z 2H1",6311-Superviseurs des services alimentaires,1
,,New Vision Kitchen Cabinets Ltd.,"Surrey, BC V3W 1M6",7272-Ébénistes,1
,,New York Chicken Ltd,"Burnaby, BC V5H 4G8",6311-Superviseurs des services alimentaires,1
,,North Road Trading Ltd,"Richmond, BC V6X 4C4",6322-Cuisiniers,1
,,Nubo Enterprise Ltd.,"Victoria, BC V8W 1N9",6322-Cuisiniers,1
,,Phase II Auto Detailing Inc.,"Langley, BC V3S 6C2",6732-Nettoyeurs spécialisés,2
,,R&C Asian Cuisine Ltd.,"Chilliwack, BC V2R 0M5",6322-Cuisiniers,1
,,RRGB Restaurants Canada Inc,"Vancouver, BC V5Y 0K2",6322-Cuisiniers,4
,,SoundsGood Auto Services Inc,"Coquitlam, BC V3B 1B8",2242-Électroniciens d'entretien (biens domestiques et commerciaux),1
,,Sushi Heaven Japanese Restaurant Ltd.,"Fort St. John, BC V1J 1S3",6322-Cuisiniers,1
,,Sushi Story Ltd.,"Victoria, BC V9A 5S8",6322-Cuisiniers,1
,,Tejkamal Enterprises Ltd.,"Powell River, BC V8A 4K6",6322-Cuisiniers,1
,,Thai Cleaning,"Prince George, BC V2M 6X6",6733-Concierges et surintendants d'immeubles,1
,,Tomahawk Barbecue Ltd.,"North Vancouver, BC V7P 2V8",6322-Cuisiniers,3
,,Veer Excavating Inc.,"Mission, BC V2V 2B8",7611-Aides de soutien des métiers et manoeuvres en construction,1
,,Westbrook Bistros Ltd.,"Vancouver, BC V6T 0B5",6321-Chefs,1
,,Wise Owl Montessori Childcare Inc.,"West Vancouver, BC V7W 1P2",4214-Éducateurs et aides-éducateurs de la petite enfance,1
,,YX RESTAURANT LTD.,"Kamloops, BC V2C 0B6",6321-Chefs,1
,,Zoe's Bakery and Cafe Limited,"Ucluelet, BC V0R 3A0",6322-Cuisiniers,1
,  Agriculture primaire,0717260 BC Ltd,"Agassiz, BC V0M 1A2",8432-Ouvriers de pépinières et de serres,3
,,Asam Orchards,"Vernon, BC V1T 7H4",8431-Ouvriers agricoles,2
,,Bagry Bros Orchards Ltd,"Vernon, BC V1T 8H1",8431-Ouvriers agricoles,26
,,Byrnes Farms Ltd,"Kelowna, BC V1Y 7Z5",8431-Ouvriers agricoles,2
,,Calais Farms Ltd,"Abbotsford, BC V2T 6R4","8252-Entrepreneurs de services agricoles, surveillants d'exploitations agricoles et ouvriers spécialisés dans l'élevage",1
,,DeVry Custom Work,"Chilliwack, BC V2P 6H4",8432-Ouvriers de pépinières et de serres,34
,,Dutch Heritage Greenhouse (2004) Ltd,"Chilliwack, BC V2P 6H4",8432-Ouvriers de pépinières et de serres,4
,,Elmbridge Farms,"Chilliwack, BC V2R 4L6",8431-Ouvriers agricoles,2
,,Factors Laboratories Ltd,"Coquitlam, BC V3K 2L7",8431-Ouvriers agricoles,1
,,Futurelife Agricultural Products Ltd.,"Richmond, BC V7C 0A3","8252-Entrepreneurs de services agricoles, surveillants d'exploitations agricoles et ouvriers spécialisés dans l'élevage",1
,,,,8431-Ouvriers agricoles,6
,,Ghuman Farm,"Kelowna, BC V1W 4G8",8431-Ouvriers agricoles,4
,,Gill's Paradise Orchard,"Cawston, BC V0X 1C2",8431-Ouvriers agricoles,4
,,Grewal Farms Inc.,"Abbotsford, BC V2T 9X3",8431-Ouvriers agricoles,5
,,Hans Orchards & Vineyard,"Kelowna, BC V1W 4G5",8431-Ouvriers agricoles,3
,,Hardev Aujla Farm,"Vernon, BC V1H 1B8",8431-Ouvriers agricoles,4
,,Harsh Bassi Orchards,"Kelowna, BC V1X 7V9",8431-Ouvriers agricoles,5
,,Jaswal Farms,"Kelowna, BC V1W 4E3",8431-Ouvriers agricoles,2
,,JM Sandher Orchards Ltd,"Vernon, BC V1B 3L4",8431-Ouvriers agricoles,9
,,Johal Berry Farms Ltd,"Richmond, BC V6W 1E3",8431-Ouvriers agricoles,6
,,Jot Enterprises Ltd,"Abbotsford, BC V4X 1T1","8252-Entrepreneurs de services agricoles, surveillants d'exploitations agricoles et ouvriers spécialisés dans l'élevage",1
,,Lasser Farms,"Keremeos, BC V0X 1N1",8431-Ouvriers agricoles,1
,,M. Van Noort & Sons Co. Ltd,"Langley, BC V2Y 2K6",8432-Ouvriers de pépinières et de serres,21
,,Purewal Veggie Farm,"Abbotsford, BC V3G 2G4","8255-Entrepreneurs et superviseurs des services de l'aménagement paysager, de l'entretien des terrains et de l'horticulture",1
,,,,8611-Manoeuvres à la récolte,3
,,S Sunder Orchards Ltd.,"Kelowna, BC V1X 6P1",8431-Ouvriers agricoles,3
,,Sidhu Family Farm,"Lake Country, BC V4V 1L4",8431-Ouvriers agricoles,10
,,Sun City Cherries Ltd,"Kelowna, BC V1W 4H6",8431-Ouvriers agricoles,5
,,T & T Mushroom Farm Ltd.,"Aldergrove, BC V4W 1K4",8611-Manoeuvres à la récolte,36
,,Upper Bench Fruit Farm,"Penticton, BC V2A 8T2",8431-Ouvriers agricoles,1
,,Village Farms Canada Limited Partnership,"Delta, BC V4K 3N3",8432-Ouvriers de pépinières et de serres,34
,Résident permanent seulement,Delta Pizza Ltd.,"Surrey, BC V3W 1B3",0621-Directeurs - commerce de détail et de gros,1
,,Intrahealth Canada Ltd,"North Vancouver, BC V7P 3S1",2174-Programmeurs et développeurs en médias interactifs,1
,,Lotus Electrical Experts Ltd.,"Surrey, BC V3S 1V1",7241-Électriciens (sauf électriciens industriels et de réseaux électriques),1
,,Marine Printers Inc.,"Vancouver, BC V6A 1S6",7381-Opérateurs de presses à imprimer,1
,,Mincy O.C. Foods Ltd,"Surrey, BC V3W 7T9",6311-Superviseurs des services alimentaires,1
,,Oneworld Accuracy Inc,"Burnaby, BC V5J 5H7",2281-Techniciens de réseau informatique,1
,,Steveston's Art Connection Ltd,"Richmond, BC V7E 2G3",4214-Éducateurs et aides-éducateurs de la petite enfance,1
,,West Coast In-Home Care Inc,"Vancouver, BC V6P 6G5","0014-Cadres supérieurs - santé, enseignement, services sociaux et communautaires et associations mutuelles",1
Territoires-du-Nord-Ouest,   Bas salaire,Canadian Scenery Travel Inc.,"Yellowknife, NT X1A 2P9","6313-Superviseurs des services d'hébergement, de voyages, de tourisme et des services connexes",1
Les employeurs exerçant leurs activités au Canada avec un siège social à l'extérieur du Canada,    Haut salaire,Aero Film,"Santa Monica, 90405","5131-Producteurs, réalisateurs, chorégraphes et personnel assimilé",1
,,Anglo-Eastern Ship Management,"Singapore, 089763",2274-Officiers mécaniciens du transport par voies navigables,1
,,,,7532-Matelots de pont et matelots de salle des machines du transport par voies navigables,1
,,"Biscuit Filmworks, LLC","Los Angeles, 90038","5131-Producteurs, réalisateurs, chorégraphes et personnel assimilé",3
,,CMS Productions,"Marina Del Rey, 90292","5131-Producteurs, réalisateurs, chorégraphes et personnel assimilé",1
,,Cultivate Media Inc,"Los Angeles, 90019","5131-Producteurs, réalisateurs, chorégraphes et personnel assimilé",1
,,Eskimo LLC,"Los Angeles, 90012","5131-Producteurs, réalisateurs, chorégraphes et personnel assimilé",1
,,Frozen Man Inc.,"New York, 10011","5131-Producteurs, réalisateurs, chorégraphes et personnel assimilé",3
,,Gentleman Scholar Studios LLC,"Los Angeles, 90016","5131-Producteurs, réalisateurs, chorégraphes et personnel assimilé",1
,,"Gifted Youth, Inc.","Los Angeles, 90046","5131-Producteurs, réalisateurs, chorégraphes et personnel assimilé",1
,,Harvest Films Inc.,"Santa Monica, 90404","5131-Producteurs, réalisateurs, chorégraphes et personnel assimilé",1
,,"Honor Society Films, LLC","New York, 10012","5131-Producteurs, réalisateurs, chorégraphes et personnel assimilé",1
,,Identity Media Inc,"New York, 10014","5131-Producteurs, réalisateurs, chorégraphes et personnel assimilé",1
,,"Industria de Turbo Propulsores, S.A.","Zamudio, 48170",2146-Ingénieurs en aérospatiale,1
,,Jojax LLC,"Los Angeles, 90025","5131-Producteurs, réalisateurs, chorégraphes et personnel assimilé",1
,,"Lawrence Fells Productions, Inc.","Los Angeles, 90025","5131-Producteurs, réalisateurs, chorégraphes et personnel assimilé",1
,,"Morton Jankel Zander, Inc.","Los Angeles, 90064","5131-Producteurs, réalisateurs, chorégraphes et personnel assimilé",2
,,"O Positive, LLC","New York, 10010","5131-Producteurs, réalisateurs, chorégraphes et personnel assimilé",1
,,Pacific Rim Films Inc,"Los Angeles, 90049","5131-Producteurs, réalisateurs, chorégraphes et personnel assimilé",1
,,"Park Pictures, LLC","New York, 10010","5131-Producteurs, réalisateurs, chorégraphes et personnel assimilé",3
,,Radical Media LLC,"Santa Monica, 90404","5131-Producteurs, réalisateurs, chorégraphes et personnel assimilé",2
,,"Reset Content, LLC","Santa Monica, 90404","5131-Producteurs, réalisateurs, chorégraphes et personnel assimilé",1
,,RSA Films Inc,"Los Angeles, 90069","5131-Producteurs, réalisateurs, chorégraphes et personnel assimilé",1
,,Smuggler Inc.,"Los Angeles, 90038","5131-Producteurs, réalisateurs, chorégraphes et personnel assimilé",2
,,Society Inc,"Los Angeles, 90036","5131-Producteurs, réalisateurs, chorégraphes et personnel assimilé",1
,,Station Film Inc,"Los Angeles, 90016","5131-Producteurs, réalisateurs, chorégraphes et personnel assimilé",3
,,Stink LLC,"Culver City, 90232","5131-Producteurs, réalisateurs, chorégraphes et personnel assimilé",2
,,Superprime Films,"Culver City, 90232","5131-Producteurs, réalisateurs, chorégraphes et personnel assimilé",2
,,Tool of North America LLC,"Santa Monica, 90404","5131-Producteurs, réalisateurs, chorégraphes et personnel assimilé",3
,,Washington Square Films,"New York, 10012","5131-Producteurs, réalisateurs, chorégraphes et personnel assimilé",1
,,"Zuma 4 Productions, LLC","Malibu, 90265","5131-Producteurs, réalisateurs, chorégraphes et personnel assimilé",1
,   Bas salaire,Anglo-Eastern Ship Management,"Singapore, 089763",6513-Serveurs d'aliments et de boissons,1
Notes:,,,,,
1. Tous les renseignements utilisés dans la présente publication sont issus du Système des travailleurs étrangers (STÉ) de l'Emploi et Développement social Canada.,,,,,
"2. Cette liste exclut tous les noms personnels, tels que les employeurs des aides-familiaux ou les noms d'entreprises qui incluent des noms personnels. Pour cette raison, cette liste est incomplète et ne contient pas tous les employeurs qui ont soumis ou obtenu une EIMT. Si un employeur souhaite communiquer avec EDSC concernant l'exactitude de leur information, prière de communiquer au NA-TFWP-PTET@hrsdc-rhdcc.gc.ca. ",,,,,
"3. Le nom de lemployeur est entré manuellement dans le Système des travailleurs étrangers (STÉ). Pour cette raison, les noms peuvent faire lobjet derreurs dans la saisies de donnée et dans la consistance de lorthographe.",,,,,
"4. Le système de Classification nationale des professions (CNP) 2011, est utilisé depuis novembre 2016. Avant novembre 2016, les professions classifiées sous le CNP 2006 étaient converti selon les professions correspondantes sous le CNP 2011. Une concordance empirique développée par Statistique Canada a été utilisée pour identifier la classification équivalente.",,,,,
"5. Les données fournies dans la STÉ concernent le nombre de postes de TETs visés, et non le nombre de permis de travail. Pour obtenir des renseignements sur le nombre de permis de travail délivrés, consultez le document Faits et chiffres dIRCC: www.cic.gc.ca/francais/ressources/statistiques/menu-faits.asp.",,,,,
"6. Les chiffres indiqués dans la présente publication peuvent différer légèrement de ceux contenus dans les versions précédentes des statistiques des EIMT, en raison des mises à jour des données qui ont eu lieu entre temps.",,,,,
